[
  {
    "id": 1,
    "date": "2025-10-31 19:18:36",
    "customer_name": "Test Customer",
    "customer_phone": "+237 123 456 789",
    "customer_address": "123 Test Street, Yaoundé",
    "customer_notes": "",
    "items": [
      {
        "product_name": "Rice (1kg)",
        "price": 500,
        "quantity": 2,
        "subtotal": 1000
      }
    ],
    "total": 1000,
    "currency": "FCFA",
    "status": "pending",
    "seen": true,
    "language": "en"
  },
  {
    "id": 2,
    "date": "2025-10-31 19:44:51",
    "customer_name": "LOBOMMO",
    "customer_phone": "+237697207659",
    "customer_address": "Nkolbisson- Yaoundé",
    "customer_notes": "",
    "items": [
      {
        "product_name": "Salt (500g)",
        "price": 200,
        "quantity": 1,
        "subtotal": 200
      },
      {
        "product_name": "Soap Bar",
        "price": 300,
        "quantity": 2,
        "subtotal": 600
      },
      {
        "product_name": "Toothpaste",
        "price": 400,
        "quantity": 1,
        "subtotal": 400
      }
    ],
    "total": 1200,
    "currency": "FCFA",
    "status": "pending",
    "seen": false,
    "language": "en"
  },
  {
    "id": 3,
    "date": "2025-10-31 19:51:38",
    "customer_name": "lowe",
    "customer_phone": "+237697207659",
    "customer_address": "Nkolbisson- Yaoundé",
    "customer_notes": "",
    "items": [
      {
        "product_name": "Détergent à Lessive",
        "price": 1200,
        "quantity": 2,
        "subtotal": 2400
      },
      {
        "product_name": "Papier Toilette (4 rouleaux)",
        "price": 1000,
        "quantity": 1,
        "subtotal": 1000
      }
    ],
    "total": 3400,
    "currency": "FCFA",
    "status": "pending",
    "seen": false,
    "language": "fr"
  }
]