[
  {
    "id": 1,
    "name": "Rice (1kg)",
    "name_fr": "Riz (1kg)",
    "price": 500,
    "category": "Food",
    "category_fr": "Nourriture",
    "description": "Premium quality rice",
    "description_fr": "Riz de qualité supérieure",
    "in_stock": true
  },
  {
    "id": 2,
    "name": "Cooking Oil (1L)",
    "name_fr": "Huile de Cuisine (1L)",
    "price": 800,
    "category": "Food",
    "category_fr": "Nourriture",
    "description": "Vegetable cooking oil",
    "description_fr": "Huile végétale",
    "in_stock": true
  },
  {
    "id": 3,
    "name": "Sugar (1kg)",
    "name_fr": "Sucre (1kg)",
    "price": 600,
    "category": "Food",
    "category_fr": "Nourriture",
    "description": "White granulated sugar",
    "description_fr": "Sucre blanc granulé",
    "in_stock": true
  },
  {
    "id": 4,
    "name": "Salt (500g)",
    "name_fr": "Sel (500g)",
    "price": 200,
    "category": "Food",
    "category_fr": "Nourriture",
    "description": "Iodized table salt",
    "description_fr": "Sel de table iodé",
    "in_stock": true
  },
  {
    "id": 5,
    "name": "Soap Bar",
    "name_fr": "Savon",
    "price": 300,
    "category": "Personal Care",
    "category_fr": "Soins Personnels",
    "description": "Antibacterial soap",
    "description_fr": "Savon antibactérien",
    "in_stock": true
  },
  {
    "id": 6,
    "name": "Toothpaste",
    "name_fr": "Dentifrice",
    "price": 400,
    "category": "Personal Care",
    "category_fr": "Soins Personnels",
    "description": "Mint toothpaste",
    "description_fr": "Dentifrice à la menthe",
    "in_stock": true
  },
  {
    "id": 7,
    "name": "Laundry Detergent",
    "name_fr": "Détergent à Lessive",
    "price": 1200,
    "category": "Household",
    "category_fr": "Ménage",
    "description": "Washing powder 500g",
    "description_fr": "Poudre à laver 500g",
    "in_stock": true
  },
  {
    "id": 8,
    "name": "Toilet Paper (4 rolls)",
    "name_fr": "Papier Toilette (4 rouleaux)",
    "price": 1000,
    "category": "Household",
    "category_fr": "Ménage",
    "description": "Soft toilet tissue",
    "description_fr": "Papier toilette doux",
    "in_stock": true
  }
]