[
  {
    "id": 1,
    "date": "2025-10-31 19:19:33",
    "customer_name": "List Test Customer",
    "customer_phone": "+237 987 654 321",
    "items": [
      "Tomatoes",
      "Bread",
      "Milk"
    ],
    "notes": "Please prioritize fresh tomatoes.",
    "status": "pending",
    "seen": true,
    "language": "en"
  },
  {
    "id": 2,
    "date": "2025-10-31 19:49:28",
    "customer_name": "JUNIOR KOUM",
    "customer_phone": "694606205",
    "items": [
      "50KG DE RIZ",
      "1 PALETTE DE JUS",
      "LE FROMAGE"
    ],
    "notes": "LE FROMAGE ACHETER ça a carrefour",
    "status": "pending",
    "seen": false,
    "language": "fr"
  },
  {
    "id": 3,
    "date": "2025-10-31 20:21:59",
    "customer_name": "YVAN",
    "customer_phone": "694606205",
    "items": [
      "TOMATE 500"
    ],
    "notes": "",
    "status": "pending",
    "seen": false,
    "language": "fr"
  }
]